vtk_index,date,body,x_au,y_au,z_au
0,2024-09-18 02:52:02,Mercury,-0.2931998982356946,0.1483020610081603,0.006276805726702085
0,2024-09-18 02:52:02,Venus,-0.018934995529537264,-0.7248774486251188,-0.00889759206205278
0,2024-09-18 02:52:02,Earth,0.9404091039794074,0.3310550164116914,0.12506210290449418
0,2024-09-18 02:52:02,Mars,0.25228466531592575,1.4629185107768117,0.06865177914759238
10,2024-09-20 21:21:22,Mercury,-0.33482657122244786,0.07153699981066534,0.0014399424964016232
10,2024-09-20 21:21:22,Venus,0.0368373359835758,-0.7245673002661752,-0.005181598263419223
10,2024-09-20 21:21:22,Earth,0.9230235111569558,0.3752054321177112,0.12382793774836298
10,2024-09-20 21:21:22,Mars,0.2140752029903713,1.4727587441934216,0.06536342076927115
20,2024-09-23 15:50:42,Mercury,-0.3576160954027133,-0.009358196024847571,-0.0034839974320072646
20,2024-09-23 15:50:42,Venus,0.09239055839959874,-0.7199452766339285,-0.0014348007467475945
20,2024-09-23 15:50:42,Earth,0.9035697084327886,0.4185242509296964,0.12231769067908135
20,2024-09-23 15:50:42,Mars,0.17571777037927783,1.481583806913751,0.062030153050267205
30,2024-09-26 10:20:02,Mercury,-0.3627226267780331,-0.08988042085924504,-0.00824090818858082
30,2024-09-26 10:20:02,Venus,0.14739481396800236,-0.7110446924741716,0.0023205179368545434
30,2024-09-26 10:20:02,Earth,0.882077952268389,0.46091260454135724,0.1205334972644906
30,2024-09-26 10:20:02,Mars,0.13723967887739527,1.489394938523923,0.058654572150888686
40,2024-09-29 04:49:22,Mercury,-0.35207171682665683,-0.1665739634422638,-0.012644336774553728
40,2024-09-29 04:49:22,Venus,0.20152434270554054,-0.6979239074427803,0.006062084262909081
40,2024-09-29 04:49:22,Earth,0.8585857870346582,0.5022682571172546,0.11847780905854073
40,2024-09-29 04:49:22,Mars,0.09866793843976022,1.4961941081368015,0.05523926814647411
50,2024-10-01 23:18:42,Mercury,-0.32790451846264784,-0.23693740864532475,-0.016566283886796505
50,2024-10-01 23:18:42,Venus,0.2544593287751209,-0.6806658617168668,0.009767761218461046
50,2024-10-01 23:18:42,Earth,0.8331392776131973,0.5424888635647129,0.11615379975675864
50,2024-10-01 23:18:42,Mars,0.06002924093119151,1.5019839924864637,0.05178682279800173
60,2024-10-04 17:48:02,Mercury,-0.29250229664902033,-0.29923904637403786,-0.01992413158948779
60,2024-10-04 17:48:02,Venus,0.30588769546364925,-0.6593774823482941,0.013415673733079616
60,2024-10-04 17:48:02,Earth,0.8057926811286167,0.5814742165058723,0.11356554684526718
60,2024-10-04 17:48:02,Mars,0.021349944704442368,1.5067679539783592,0.0482998074463571
70,2024-10-07 12:17:22,Mercury,-0.24804555595727049,-0.3523280861157676,-0.022668432693931807
70,2024-10-07 12:17:22,Venus,0.35550684096984214,-0.6341889660337768,0.01698433147918628
70,2024-10-07 12:17:22,Earth,0.7766077678368999,0.6191279229455023,0.11071812782924079
70,2024-10-07 12:17:22,Mars,-0.01734393956779317,1.5105500187492695,0.04478078101739441
80,2024-10-10 06:46:42,Mercury,-0.19655754978309514,-0.3954765753998273,-0.024773191661668907
80,2024-10-10 06:46:42,Venus,0.4030253079964748,-0.6052529441320953,0.02045274851510924
80,2024-10-10 06:46:42,Earth,0.7456528130208439,0.6553588303418905,0.10761766469716999
80,2024-10-10 06:46:42,Mars,-0.056026761973792166,1.513334854765523,0.041232288131698366
90,2024-10-13 01:16:02,Mercury,-0.13989496873931573,-0.428259241445217,-0.02622875363636338
90,2024-10-13 01:16:02,Venus,0.4481643801330993,-0.572743536275644,0.023800559239750753
90,2024-10-13 01:16:02,Earth,0.7130011900487281,0.6900822971917976,0.1042713202796082
90,2024-10-13 01:16:02,Mars,-0.09467324505725129,1.5151277500054838,0.03765685735444979
100,2024-10-15 19:45:22,Mercury,-0.07976251544610283,-0.4504673361418096,-0.027036880508065783
100,2024-10-15 19:45:22,Venus,0.49065959971550965,-0.5368552984196947,0.02700813024474276
100,2024-10-15 19:45:22,Earth,0.6787289548379855,0.7232212361169811,0.10068719074848763
100,2024-10-15 19:45:22,Mars,-0.13325849472915563,1.5159345908448898,0.034056999519934836
110,2024-10-18 14:14:42,Mercury,-0.017738162280414714,-0.4620496888900221,-0.027207507562506908
110,2024-10-18 14:14:42,Venus,0.5302622009022566,-0.49780207207745597,0.030056667579154775
110,2024-10-18 14:14:42,Earth,0.6429109364599163,0.7547050389455581,0.09687386381913766
110,2024-10-18 14:14:42,Mars,-0.1717580098388784,1.5157618406076214,0.030435206182388427
120,2024-10-21 08:44:02,Mercury,0.044697845765859806,-0.46307464830355194,-0.026756753708420743
120,2024-10-21 08:44:02,Venus,0.5667404533244884,-0.4558157409074943,0.03292831905382815
120,2024-10-21 08:44:02,Earth,0.6056189987086424,0.7844642697622856,0.09283971651305051
120,2024-10-21 08:44:02,Mars,-0.21014769084750046,1.5146165183611784,0.02679394816871193
130,2024-10-24 03:13:22,Mercury,0.10613362134520987,-0.45370809545218893,-0.02570587547852833
130,2024-10-24 03:13:22,Venus,0.5998809114887749,-0.41114490119741554,0.0356062711981297
130,2024-10-24 03:13:22,Earth,0.5669266076795225,0.8124263199941082,0.08859280740609994
130,2024-10-24 03:13:22,Mars,-0.24840384748751643,1.5125061780188018,0.023135674230315283
140,2024-10-26 21:42:42,Mercury,0.16519741185799625,-0.4342043252095763,-0.024080964832359206
140,2024-10-26 21:42:42,Venus,0.6294895656756433,-0.36405345269115363,0.03807484051885228
140,2024-10-26 21:42:42,Earth,0.5269140262188284,0.8385173565791879,0.0841414596296159
140,2024-10-26 21:42:42,Mars,-0.2865032054935783,1.5094388877495737,0.019462809785919036
150,2024-10-29 16:12:02,Mercury,0.22053119658495607,-0.4049080442923175,-0.02191328273101496
150,2024-10-29 16:12:02,Venus,0.6553928902868288,-0.31481911640232324,0.04031955872410242
150,2024-10-29 16:12:02,Earth,0.4856692387186243,0.8626661181337539,0.079494697051415
150,2024-10-29 16:12:02,Mars,-0.3244229123671176,1.5054232097339322,0.015777755772878113
160,2024-11-01 10:41:22,Mercury,0.270766595474805,-0.3662670053943176,-0.019240196382577675
160,2024-11-01 10:41:22,Venus,0.6774387861527756,-0.26373188565620026,0.04232725161540017
160,2024-11-01 10:41:22,Earth,0.4432870393849678,0.8848061025757638,0.07466237287737462
160,2024-11-01 10:41:22,Mars,-0.3621405424669878,1.5004681803044049,0.012082887574059205
170,2024-11-04 05:10:42,Mercury,0.3145039180464198,-0.31885594365295494,-0.016106752489375306
170,2024-11-04 05:10:42,Venus,0.6954974131435419,-0.21109241732431402,0.04408611133296444
170,2024-11-04 05:10:42,Earth,0.3998681454733498,0.904876975767906,0.0696552207170842
170,2024-11-04 05:10:42,Mars,-0.39963410113007564,1.4945832904967027,0.00838055403943257
180,2024-11-06 23:40:02,Mercury,0.3502960819557364,-0.26341354648631365,-0.012567973862266444
180,2024-11-06 23:40:02,Venus,0.7094619100557037,-0.15721036973997532,0.04558576168590953
180,2024-11-06 23:40:02,Earth,0.35551804598371795,0.9228259779826277,0.06448488316491528
180,2024-11-06 23:40:02,Mars,-0.4368820280441603,1.487778467011342,0.004673076596442692
190,2024-11-09 18:09:22,Mercury,0.3766408086870128,-0.20089512305644308,-0.008692007896420053
190,2024-11-09 18:09:22,Venus,0.7192489988532669,-0.10240269379269266,0.046817316306350665
190,2024-11-09 18:09:22,Earth,0.3103451351338642,0.9386090785023475,0.05916385596896083
190,2024-11-09 18:09:22,Mars,-0.47386320007293337,1.4800640536068674,0.0009627484275012588
200,2024-11-12 12:38:42,Mercury,0.39198735693311254,-0.13254418148707217,-0.004564263944773476
200,2024-11-12 12:38:42,Venus,0.7247994703588354,-0.046991884606394946,0.04777342935790777
200,2024-11-12 12:38:42,Earth,0.26445802799577245,0.952191346698741,0.053705284992800195
200,2024-11-12 12:38:42,Mars,-0.5105569331572805,1.471450792996256,-0.0027481662597783384
1,2024-09-18 09:30:58,Mercury,-0.298217411998778,0.1409600389682532,0.005805679024974281
1,2024-09-18 09:30:58,Venus,-0.013357357742984508,-0.7250408944330117,-0.008528012013805323
1,2024-09-18 09:30:58,Earth,0.9387643954014302,0.3355047771521858,0.12495117411889087
1,2024-09-18 09:30:58,Mars,0.24847116206408185,1.4639482367022143,0.06832503830893172
2,2024-09-18 16:09:54,Mercury,-0.3030462467993012,0.13352880803311673,0.00533087974379582
2,2024-09-18 16:09:54,Venus,-0.0077789232976378945,-0.7251611174473342,-0.008157924178410795
2,2024-09-18 16:09:54,Earth,0.9370987580423857,0.3399470688620209,0.12483746376821896
2,2024-09-18 16:09:54,Mars,0.2446559310972833,1.4649678055472093,0.06799782497995628
3,2024-09-18 22:48:50,Mercury,-0.3076855923285999,0.1260140590440902,0.004852747668013511
3,2024-09-18 22:48:50,Venus,-0.002200024819115426,-0.7252381166922073,-0.007787350662013774
3,2024-09-18 22:48:50,Earth,0.9354122197318302,0.3443817998650373,0.1247209743781903
3,2024-09-18 22:48:50,Mars,0.24083900010770937,1.4659772175339147,0.06767014176167054
4,2024-09-19 05:27:46,Mercury,-0.31213483381743506,0.11842142719243336,0.0043716177171045575
4,2024-09-19 05:27:46,Venus,0.0033790051346083315,-0.7252718937479435,-0.007416313593118519
4,2024-09-19 05:27:46,Earth,0.9337048079819223,0.34880887816755474,0.12460170843016392
4,2024-09-19 05:27:46,Mars,0.23702039676122433,1.4669764729608754,0.06734199125479834
5,2024-09-19 12:06:42,Mercury,-0.31639354526589963,0.11075648498252094,0.0038878195889365764
5,2024-09-19 12:06:42,Venus,0.008957834093248525,-0.7252624527494866,-0.007044835121288882
5,2024-09-19 12:06:42,Earth,0.9319765500403896,0.35322821138234367,0.124479668357283
5,2024-09-19 12:06:42,Mars,0.23320014869506103,1.467965572204475,0.06701337605981654
6,2024-09-19 18:45:38,Mercury,-0.3204614824989818,0.1030247357653023,0.0034016774382644227
6,2024-09-19 18:45:38,Venus,0.014536129691260209,-0.7252098003847275,-0.006672937415850218
6,2024-09-19 18:45:38,Earth,0.9302274729543714,0.35763970665707273,0.1243548565421902
6,2024-09-19 18:45:38,Mars,0.2293782835213168,1.4689445157178815,0.06668429877718034
7,2024-09-20 01:24:34,Mercury,-0.3243385760919896,0.09523160782925308,0.002913509589067428
7,2024-09-20 01:24:34,Venus,0.02011355968983859,-0.7251139458926487,-0.006300642664589445
7,2024-09-20 01:24:34,Earth,0.928457603639681,0.36204327061876107,0.12422727531632996
7,2024-09-20 01:24:34,Mars,0.22555482882168976,1.4699133040306007,0.06635476200724913
8,2024-09-20 08:03:30,Mercury,-0.3280249242047244,0.0873824490406467,0.0024236282796812722
8,2024-09-20 08:03:30,Venus,0.02568979199463177,-0.7249749010613453,-0.005927973072457664
8,2024-09-20 08:03:30,Earth,0.9266669689581042,0.36643880932334877,0.1240969269607931
8,2024-09-20 08:03:30,Mars,0.22172981215173065,1.470871937747497,0.0660247683498917
9,2024-09-20 14:42:26,Mercury,-0.3315207853630068,0.07948252201615154,0.0019323394395600476
9,2024-09-20 14:42:26,Venus,0.031264494674721525,-0.7247926802259257,-0.005554950860272177
9,2024-09-20 14:42:26,Earth,0.9248555957981579,0.37082622821806904,0.12396381370861044
9,2024-09-20 14:42:26,Mars,0.21790326104145952,1.4718204175493583,0.06569432040429185
11,2024-09-21 04:00:18,Mercury,-0.33794283934591934,0.06355096210466361,0.0009467302122930958
11,2024-09-21 04:00:18,Venus,0.042407984375928263,-0.7242987806042348,-0.004807937530557267
11,2024-09-21 04:00:18,Earth,0.921170742224408,0.3795763251868457,0.1236893012289463
11,2024-09-21 04:00:18,Mars,0.21024566547083215,1.4736869185114863,0.0650320720436641
12,2024-09-21 10:39:14,Mercury,-0.3408702860249211,0.055529391867969846,0.00045298854746397154
12,2024-09-21 10:39:14,Venus,0.0479761085275636,-0.7239871432020514,-0.004433990922321816
12,2024-09-21 10:39:14,Earth,0.919297316464511,0.3839388109364241,0.12354790626530048
12,2024-09-21 10:39:14,Mars,0.20641467592703366,1.4746049414093387,0.06470027682618183
13,2024-09-21 17:18:10,Mercury,-0.34360973917111365,0.04747717247957843,-4.1003449800713156e-05
13,2024-09-21 17:18:10,Venus,0.05354137735635592,-0.7236324125585583,-0.00405978071002985
13,2024-09-21 17:18:10,Earth,0.9174032616930008,0.3882927922318269,0.1234037549449072
13,2024-09-21 17:18:10,Mars,0.20258226177181282,1.4755128138680669,0.06436803771500459
14,2024-09-21 23:57:06,Mercury,-0.3461621513014539,0.03939908528481538,-0.0005349737285710005
14,2024-09-21 23:57:06,Venus,0.05910346003774739,-0.7232346157070824,-0.0036853291743859213
14,2024-09-21 23:57:06,Earth,0.9154886061537564,0.3926381713027141,0.1232568493348609
14,2024-09-21 23:57:06,Mars,0.198748450393572,1.4764105369440819,0.06403535730767541
15,2024-09-22 06:36:02,Mercury,-0.34852859263919633,0.03129980756140834,-0.0010286572975000095
15,2024-09-22 06:36:02,Venus,0.06466202602719782,-0.7227937822121454,-0.0033106586041887435
15,2024-09-22 06:36:02,Earth,0.9135533785863144,0.39697484976943664,0.12310719148931068
15,2024-09-22 06:36:02,Mars,0.19491326914825163,1.4772981117696413,0.0637022382013442
16,2024-09-22 13:14:58,Mercury,-0.35071024434858594,0.023183910877530262,-0.0015217962653657907
16,2024-09-22 13:14:58,Venus,0.07021674507688351,-0.7223099441665273,-0.002935791295039687
16,2024-09-22 13:14:58,Earth,0.9115976082905578,0.401302728668673,0.12295478345710421
16,2024-09-22 13:14:58,Mars,0.19107674536396346,1.4781755395505936,0.06336868299281004
17,2024-09-22 19:53:54,Mercury,-0.3527083919202474,0.015055859814310037,-0.0020141398614113766
17,2024-09-22 19:53:54,Venus,0.07576728725604545,-0.7217831361879062,-0.0025607495480506055
17,2024-09-22 19:53:54,Earth,0.9096213251830881,0.4056217084889341,0.12279962728946102
17,2024-09-22 19:53:54,Mars,0.18723890633901077,1.4790428215659677,0.06303469427823759
18,2024-09-23 02:32:50,Mercury,-0.3545244187210044,0.006920011032930627,-0.002505444436948617
18,2024-09-23 02:32:50,Venus,0.08131332296837065,-0.7212133954156302,-0.0021855556685546097
18,2024-09-23 02:32:50,Earth,0.9076245598486603,0.40993168920636514,0.12264172504754653
18,2024-09-23 02:32:50,Mars,0.18339977934496834,1.479899959168188,0.06270027465302805
19,2024-09-23 09:11:46,Mercury,-0.3561597997202665,-0.0012193873395618502,-0.002995473449661603
19,2024-09-23 09:11:46,Venus,0.08685452297262271,-0.7206007615070209,-0.0018102319648170728
19,2024-09-23 09:11:46,Earth,0.9056073435832486,0.4142325703275756,0.12248107880982116
19,2024-09-23 09:11:46,Mars,0.1795593916215414,1.4807469537840847,0.06236542671211896
21,2024-09-23 22:29:38,Mercury,-0.3588949458753997,-0.017492384634193673,-0.003970793945070404
21,2024-09-23 22:29:38,Venus,0.09792110077323345,-0.7192469854786672,-0.001059284324614391
21,2024-09-23 22:29:38,Earth,0.9015116872234612,0.4228066297066131,0.12215156278911507
21,2024-09-23 22:29:38,Mars,0.17187494279537527,1.482410520130228,0.0616944562618385
22,2024-09-24 05:08:34,Mercury,-0.35999806517556504,-0.02561803145227504,-0.00445564751917892
22,2024-09-24 05:08:34,Venus,0.10344582202619519,-0.7185059352304881,-0.0006837050077589174
22,2024-09-24 05:08:34,Earth,0.8994333135895118,0.4270796050084699,0.12198269731093321
22,2024-09-24 05:08:34,Mars,0.16803093602128022,1.4832270950790394,0.06135833894034245
23,2024-09-24 11:47:30,Mercury,-0.3609272357837002,-0.03373132299054262,-0.004938349582537273
23,2024-09-24 11:47:30,Venus,0.10896439452166022,-0.7177221755811278,-0.0003080851033131985
23,2024-09-24 11:47:30,Earth,0.8973346219922977,0.431343074888443,0.12181109645854427
23,2024-09-24 11:47:30,Mars,0.16418577717617094,1.4840335334797419,0.06102180367831729
24,2024-09-24 18:26:26,Mercury,-0.3616843033452268,-0.04182855332472998,-0.005418698379075542
24,2024-09-24 18:26:26,Venus,0.11447649107027588,-0.7168957587208316,6.755308508315928e-05
24,2024-09-24 18:26:26,Earth,0.8952156477374977,0.435596937142493,0.12163676249426257
24,2024-09-24 18:26:26,Mars,0.16033949334923117,1.4848298371250315,0.0606848530676324
25,2024-09-25 01:05:22,Mercury,-0.3622711716025995,-0.049906123238861656,-0.005896498876659146
25,2024-09-25 01:05:22,Venus,0.11998178494857105,-0.716026739334077,0.00044318725856234704
25,2024-09-25 01:05:22,Earth,0.8930764269874013,0.4398410893495677,0.12145969773355289
25,2024-09-25 01:05:22,Mars,0.15649211159959583,1.485616007878997,0.060347489699689956
26,2024-09-25 07:44:18,Mercury,-0.36268979753835634,-0.05796053919434689,-0.006371562666740627
26,2024-09-25 07:44:18,Venus,0.12547994991912778,-0.7151151745948535,0.0008187951243077842
26,2024-09-25 07:44:18,Earth,0.8909169967685674,0.4440754289123226,0.12127990454942669
26,2024-09-25 07:44:18,Mars,0.15264365895353876,1.486392047676717,0.060009716165256174
27,2024-09-25 14:23:14,Mercury,-0.36294218672908046,-0.06598841213888447,-0.006843707856479607
27,2024-09-25 14:23:14,Venus,0.13097066024689216,-0.7141611241624328,0.0011943543968300004
27,2024-09-25 14:23:14,Earth,0.8887373949787941,0.4482998530912109,0.12109738537641074
27,2024-09-25 14:23:14,Mars,0.1487941624091028,1.4871579585247734,0.05967153505425053
28,2024-09-25 21:02:10,Mercury,-0.36303038890840966,-0.07398645617566565,-0.007312758954292939
28,2024-09-25 21:02:10,Venus,0.13645359071926097,-0.7131646501763814,0.0015698427992437598
28,2024-09-25 21:02:10,Earth,0.8865376603892546,0.4525142590413395,0.12091214271411847
28,2024-09-25 21:02:10,Mars,0.14494364893171913,1.4879137425025624,0.059332948955861935
29,2024-09-26 03:41:06,Mercury,-0.36295649373721806,-0.08195148710579742,-0.007778546749738703
29,2024-09-26 03:41:06,Venus,0.1419284166642981,-0.7121258172517234,0.001945238064538789
29,2024-09-26 03:41:06,Earth,0.8843178326456658,0.4567185438450404,0.12072417913045445
29,2024-09-26 03:41:06,Mars,0.14109214545375515,1.4886594017615833,0.058993960458750605
31,2024-09-26 16:58:58,Mercury,-0.3623309456697506,-0.09777027182973204,-0.008699686243820557
31,2024-09-26 16:58:58,Venus,0.15285245909352346,-0.7099213453948502,0.0026956601727465565
31,2024-09-26 16:58:58,Earth,0.8798180606499645,0.46509633815611284,0.1203400998290476
31,2024-09-26 16:58:58,Mars,0.1333862760739174,1.4901203550823068,0.0583147866191455
32,2024-09-26 23:37:54,Mercury,-0.36178363649862216,-0.10561815112563996,-0.009154729783424895
32,2024-09-26 23:37:54,Venus,0.15830102910031232,-0.7087558480248429,0.0030706425424562155
32,2024-09-26 23:37:54,Earth,0.8775382000516118,0.4692696417301758,0.12014398961301645
32,2024-09-26 23:37:54,Mars,0.1295319638816195,1.4908356538008871,0.05797460644920981
33,2024-09-27 06:16:50,Mercury,-0.3610829103614642,-0.11342126474728968,-0.00960589343543062
33,2024-09-27 06:16:50,Venus,0.1637402016596273,-0.7075482748304067,0.0034454428311758985
33,2024-09-27 06:16:50,Earth,0.8752384136013591,0.4734324123416276,0.11994516948345546
33,2024-09-27 06:16:50,Mars,0.12567676911001954,1.491540837114422,0.05763403422597713
34,2024-09-27 12:55:46,Mercury,-0.36023100011477505,-0.12117691170663962,-0.010053037451044196
34,2024-09-27 12:55:46,Venus,0.16916965507557016,-0.7062987027268451,0.003820038840311155
34,2024-09-27 12:55:46,Earth,0.8729187452879754,0.477584547133361,0.11974364238749644
34,2024-09-27 12:55:46,Mars,0.12182071853290377,1.4922359075275,0.05729307253385235
35,2024-09-27 19:34:42,Mercury,-0.3592301573057563,-0.12888248209497932,-0.010496027566314894
35,2024-09-27 19:34:42,Venus,0.17458906830191845,-0.7050072110731446,0.004194408388743606
35,2024-09-27 19:34:42,Earth,0.8705792399572462,0.4817259433342119,0.11953941135408355
35,2024-09-27 19:34:42,Mars,0.117963838891589,1.4929208676138108,0.05695172395651844
36,2024-09-28 02:13:38,Mercury,-0.35808264927913624,-0.1365354551105911,-0.010934734862902109
36,2024-09-28 02:13:38,Venus,0.1799981209591072,-0.703673881666491,0.00456852931408854
36,2024-09-28 02:13:38,Earth,0.8682199433079385,0.48585649827915894,0.1193324794955799
36,2024-09-28 02:13:38,Mars,0.11410615689786542,1.4935957200169716,0.0566099910765519
37,2024-09-28 08:52:34,Mercury,-0.3567907564532211,-0.1441333970572688,-0.01136903562841848
37,2024-09-28 08:52:34,Venus,0.18539649335508415,-0.702298798735675,0.0049423794739523064
37,2024-09-28 08:52:34,Earth,0.8658409018849117,0.4899761094334004,0.11912285000925657
37,2024-09-28 08:52:34,Mars,0.11024769922734295,1.494260467451838,0.05626787647542825
38,2024-09-28 15:31:30,Mercury,-0.35535676976119074,-0.15167395931667715,-0.011798811216782225
38,2024-09-28 15:31:30,Venus,0.19078386649966894,-0.7008820489359839,0.005315936747187053
38,2024-09-28 15:31:30,Earth,0.8634421630765804,0.49408467440757875,0.11891052617869091
38,2024-09-28 15:31:30,Mars,0.10638849252616102,1.494915112703109,0.05592538273376438
39,2024-09-28 22:10:26,Mercury,-0.35378298824906085,-0.15915487630896602,-0.012223947908974181
39,2024-09-28 22:10:26,Venus,0.19615992212582986,-0.699423721342188,0.0056891790351407965
39,2024-09-28 22:10:26,Earth,0.8610237751075029,0.49818209098093924,0.11869551137508845
39,2024-09-28 22:10:26,Mars,0.10252856340411502,1.4955596586242672,0.05558251243127524
41,2024-09-29 11:28:18,Mercury,-0.35022526416430755,-0.1739291150606533,-0.013059873534251476
41,2024-09-29 11:28:18,Venus,0.20687681146667322,-0.6963827011338681,0.006434630380580755
41,2024-09-29 11:28:18,Earth,0.8561282487429819,0.5063430709816213,0.1182574227792341
41,2024-09-29 11:28:18,Mars,0.09480664418195486,1.4968184642308493,0.05489565245663278
42,2024-09-29 18:07:14,Mercury,-0.34824594072834586,-0.18121830239781647,-0.013470458423926034
42,2024-09-29 18:07:14,Venus,0.21221701241388938,-0.6948001987117394,0.006806795364482129
42,2024-09-29 18:07:14,Earth,0.8536512109378787,0.5104064309619007,0.11803435617861363
42,2024-09-29 18:07:14,Mars,0.09094470714144919,1.4974327299659327,0.054551667938147544
43,2024-09-30 00:46:10,Mercury,-0.34613605696091265,-0.18843957150639395,-0.013875996058448867
43,2024-09-30 00:46:10,Venus,0.21754463032123184,-0.6931764988739072,0.007178557216866345
43,2024-09-30 00:46:10,Earth,0.8511547251524545,0.5144582356655307,0.11780861299145913
43,2024-09-30 00:46:10,Mars,0.0870821538122999,1.4980369084671779,0.054207317168181945
44,2024-09-30 07:25:06,Mercury,-0.34389792154187016,-0.19559104135305982,-0.014276395305869551
44,2024-09-30 07:25:06,Venus,0.22285935083954805,-0.6915117026848057,0.007549893973364488
44,2024-09-30 07:25:06,Earth,0.8486388436997008,0.518498384005213,0.11758019704319475
44,2024-09-30 07:25:06,Mars,0.08321901060644671,1.49863100293481,0.05386260271860605
45,2024-09-30 14:04:02,Mercury,-0.34153383985148567,-0.20267090165873392,-0.014671569148327181
45,2024-09-30 14:04:02,Venus,0.22816086040262956,-0.6898059136023903,0.00792078369645034
45,2024-09-30 14:04:02,Earth,0.8461036197188271,0.5225267751309948,0.11734911225563659
45,2024-09-30 14:04:02,Mars,0.07935530393528403,1.4992150166319875,0.053517527162750815
46,2024-09-30 20:42:58,Mercury,-0.33904611251185235,-0.2096774109147925,-0.015061434553908517
46,2024-09-30 20:42:58,Venus,0.2334488462455801,-0.6880592374727307,0.008291204476691164
46,2024-09-30 20:42:58,Earth,0.8435491071699891,0.526543308447831,0.11711536264813252
46,2024-09-30 20:42:58,Mars,0.07549106020842243,1.4997889528859356,0.05317209307542343
47,2024-10-01 03:21:54,Mercury,-0.3364370339831667,-0.2166088945676807,-0.01544591235883997
47,2024-10-01 03:21:54,Venus,0.2387229965324268,-0.6862717824869483,0.008661134441722791
47,2024-10-01 03:21:54,Earth,0.8409753607753498,0.5305478837156224,0.11687895233369887
47,2024-10-01 03:21:54,Mars,0.07162630575280941,1.5003528150991163,0.05282630302601704
48,2024-10-01 10:00:50,Mercury,-0.333708891354912,-0.22346374296528532,-0.015824927137321313
48,2024-10-01 10:00:50,Venus,0.24398300028467415,-0.6844436592023614,0.009030551751277774
48,2024-10-01 10:00:50,Earth,0.8383824360550758,0.5345404009980683,0.11663988552382774
48,2024-10-01 10:00:50,Mars,0.0677610668773824,1.5009066067377281,0.05248015958440618
49,2024-10-01 16:39:46,Mercury,-0.3308639631881575,-0.23024040948194996,-0.01619840708222525
49,2024-10-01 16:39:46,Venus,0.2492285474212683,-0.6825749805278999,0.009399434599958508
49,2024-10-01 16:39:46,Earth,0.8357703893096352,0.5385207606964115,0.11639816652844057
49,2024-10-01 16:39:46,Mars,0.0638953698564823,1.5014503313338319,0.05213366531928031
51,2024-10-02 05:57:38,Mercury,-0.32483281561320276,-0.24355331429800287,-0.016928492629082238
51,2024-10-02 05:57:38,Venus,0.25967503611111287,-0.6787164203590235,0.010135509874792155
51,2024-10-02 05:57:38,Earth,0.8304891588053929,0.5464446107268766,0.11590678971812471
51,2024-10-02 05:57:38,Mars,0.056162706306329434,1.5025075938623886,0.0514396345867902
52,2024-10-02 12:36:34,Mercury,-0.32165110165158345,-0.25008675779411477,-0.017284971659147216
52,2024-10-02 12:36:34,Venus,0.26487536214266416,-0.6767267763730496,0.010502658875485592
52,2024-10-02 12:36:34,Earth,0.8278200914837218,0.550387903691797,0.11565714102276915
52,2024-10-02 12:36:34,Mars,0.05229579215103338,1.5030211391950814,0.05109210325087414
53,2024-10-02 19:15:30,Mercury,-0.31836161136884666,-0.25653642623281786,-0.017635662489114707
53,2024-10-02 19:15:30,Venus,0.27006000054805773,-0.6746970519989818,0.010869186566813929
53,2024-10-02 19:15:30,Earth,0.8251321349956776,0.5543186443680986,0.11540485838252298
53,2024-10-02 19:15:30,Mars,0.04842852460119273,1.503524632283566,0.05074423135424523
54,2024-10-03 01:54:26,Mercury,-0.3149665666126686,-0.26290106073106667,-0.01798050968605914
54,2024-10-03 01:54:26,Venus,0.27522864598928026,-0.672627371789515,0.011235071335998178
54,2024-10-03 01:54:26,Earth,0.8224253494283184,0.5582367350817835,0.11514994661146752
54,2024-10-03 01:54:26,Mars,0.04456092975628876,1.5040180769926954,0.05039602145926183
55,2024-10-03 08:33:22,Mercury,-0.31146817565262036,-0.2691794547074008,-0.018319460766365557
55,2024-10-03 08:33:22,Venus,0.28038099410535794,-0.6705178626116343,0.011600291610888765
55,2024-10-03 08:33:22,Earth,0.8196997956120319,0.5621420785725081,0.11489241062760543
55,2024-10-03 08:33:22,Mars,0.04069303369958297,1.5045014772515684,0.05004747612814581
56,2024-10-03 15:12:18,Mercury,-0.30786863253800706,-0.27537045233758206,-0.01865246610000639
56,2024-10-03 15:12:18,Venus,0.2855167416165451,-0.6683686536024741,0.011964825867269092
56,2024-10-03 15:12:18,Earth,0.8169555350640593,0.5660345780752011,0.11463225544907092
56,2024-10-03 15:12:18,Mars,0.036824862429040706,1.5049748370610185,0.04969859791758959
57,2024-10-03 21:51:14,Mercury,-0.3041701166666988,-0.2814729467874478,-0.018979478803553797
57,2024-10-03 21:51:14,Venus,0.29063558621127583,-0.6661798762141504,0.012328652620898859
57,2024-10-03 21:51:14,Earth,0.814192630047161,0.5699141372358725,0.11436948620104571
57,2024-10-03 21:51:14,Mars,0.03295644195512536,1.5054381604801497,0.049349389387690006
58,2024-10-04 04:30:10,Mercury,-0.3003747922516648,-0.2874858787742913,-0.019300454651568273
58,2024-10-04 04:30:10,Venus,0.2957372266705846,-0.6639516641607386,0.012691750436331401
58,2024-10-04 04:30:10,Earth,0.8114111435016924,0.5737806602075508,0.11410410811074827
58,2024-10-04 04:30:10,Mars,0.02908779822015709,1.5058914516361877,0.04899985309436135
59,2024-10-04 11:09:06,Mercury,-0.2964848079962324,-0.29340823491200907,-0.019615351977044185
59,2024-10-04 11:09:06,Venus,0.30082136277801674,-0.6616841534558485,0.013054097920514427
59,2024-10-04 11:09:06,Earth,0.8086111390925623,0.5776340515832493,0.1138361265132844
59,2024-10-04 11:09:06,Mars,0.02521895717944099,1.5063347147160706,0.048649991596307486
61,2024-10-05 00:26:58,Mercury,-0.28842937476643166,-0.30497738734559193,-0.02022675668234634
61,2024-10-05 00:26:58,Venus,0.3109359267354246,-0.6570317913503239,0.01377645658145811
61,2024-10-05 00:26:58,Earth,0.8029558345973501,0.5853010606169506,0.1132923746494587
61,2024-10-05 00:26:58,Mars,0.017480786646261452,1.5071911737444983,0.0479493031975223
62,2024-10-05 07:05:54,Mercury,-0.2842681424430519,-0.3106223736424775,-0.020523192749933524
62,2024-10-05 07:05:54,Venus,0.3159657597168986,-0.6546472232195194,0.01413642522357906
62,2024-10-05 07:05:54,Earth,0.8001006651415469,0.5891144900856607,0.11301661557383115
62,2024-10-05 07:05:54,Mars,0.013611508820156703,1.5076043783992608,0.047598481401407815
63,2024-10-05 13:44:50,Mercury,-0.2800206831008826,-0.3161731613451624,-0.02081340750571342
63,2024-10-05 13:44:50,Venus,0.32097689866436635,-0.6522239229494148,0.014495558469048302
63,2024-10-05 13:44:50,Earth,0.7972272390465074,0.592914411622399,0.11273827537168245
63,2024-10-05 13:44:50,Mars,0.009742137004464557,1.5080075723906374,0.04724734460791636
64,2024-10-05 20:23:46,Mercury,-0.27568906332067755,-0.3216289454715192,-0.021097370803255213
64,2024-10-05 20:23:46,Venus,0.32596904898112206,-0.6497620377613575,0.014853835180321743
64,2024-10-05 20:23:46,Earth,0.7943356232295934,0.596700732488687,0.11245735990171093
64,2024-10-05 20:23:46,Mars,0.00587269694448051,1.5084007602305753,0.04689589536532608
65,2024-10-06 03:02:42,Mercury,-0.2712753327094312,-0.3269889586908231,-0.021375054559811483
65,2024-10-06 03:02:42,Venus,0.3309419172357835,-0.6472617170942606,0.01521123427387651
65,2024-10-06 03:02:42,Earth,0.7914258852258322,0.6004733605119336,0.11217387512804997
65,2024-10-06 03:02:42,Mars,0.0020032143459165013,1.5087839464950283,0.046544136220675415
66,2024-10-06 09:41:38,Mercury,-0.2667815238053761,-0.3322524700750286,-0.021646432682472103
66,2024-10-06 09:41:38,Venus,0.3358952111765592,-0.6447231125961893,0.015567734721376712
66,2024-10-06 09:41:38,Earth,0.7884980931768943,0.6042322040952283,0.1118878271202747
66,2024-10-06 09:41:38,Mars,-0.001866285121245507,1.5091571358229456,0.046192069719878076
67,2024-10-06 16:20:34,Mercury,-0.2622096520143168,-0.3374187838901023,-0.021911480996840708
67,2024-10-06 16:20:34,Venus,0.34082863974924904,-0.6421463781139304,0.015923315550835745
67,2024-10-06 16:20:34,Earth,0.7855523158163727,0.6079771722316603,0.11159922205337709
67,2024-10-06 16:20:34,Mars,-0.005735775826244932,1.5095203329158449,0.045839698407338064
68,2024-10-06 22:59:30,Mercury,-0.2575617155790088,-0.3424872384235001,-0.022170177178184758
68,2024-10-06 22:59:30,Venus,0.34574191311104263,-0.6395316696845605,0.01627795584777634
68,2024-10-06 22:59:30,Earth,0.7825886224586056,0.6117081745136183,0.11130806620771935
68,2024-10-06 22:59:30,Mars,-0.009605232171745831,1.5098735425385847,0.04548702482557895
69,2024-10-07 05:38:26,Mercury,-0.25283969559520986,-0.34745720482997744,-0.022422500683960234
69,2024-10-07 05:38:26,Venus,0.350634742627798,-0.6368791455360205,0.01663163475490811
69,2024-10-07 05:38:26,Earth,0.7796070829960048,0.6154251211314437,0.11101436597019872
69,2024-10-07 05:38:26,Mars,-0.013474628582655215,1.5102167695183648,0.04513405151681863
71,2024-10-07 18:56:18,Mercury,-0.24318124352435774,-0.35709931595282995,-0.022907956042082338
71,2024-10-07 18:56:18,Venus,0.36035792200687183,-0.6314612937364529,0.017336025284090978
71,2024-10-07 18:56:18,Earth,0.7735907479642123,0.6228164914074775,0.11041935838205359
71,2024-10-07 18:56:18,Mars,-0.021213139627104603,1.5108732951820294,0.04442721586664752
72,2024-10-08 01:35:14,Mercury,-0.23824868809404925,-0.3617703577542097,-0.023141055162303175
72,2024-10-08 01:35:14,Venus,0.3651877009237362,-0.6286962933310851,0.01768669549814887
72,2024-10-08 01:35:14,Earth,0.7705560948598961,0.6264907386480526,0.11011806432833295
72,2024-10-08 01:35:14,Mars,-0.02508220332753569,1.5111866038311472,0.04407335859930365
73,2024-10-08 08:14:10,Mercury,-0.23324980259707934,-0.3663407035838364,-0.023367716026137415
73,2024-10-08 08:14:10,Venus,0.36999589413654327,-0.6258941316794844,0.018036321508733796
73,2024-10-08 08:14:10,Earth,0.7675038805509775,0.6301505774147135,0.10981425247636867
73,2024-10-08 08:14:10,Mars,-0.028951105226598634,1.5114899497694774,0.04371921175279951
74,2024-10-08 14:53:06,Mercury,-0.22818648308755005,-0.37080987331466453,-0.023587926093441812
74,2024-10-08 14:53:06,Venus,0.37478221942801854,-0.6230549777394262,0.01838488277199457
74,2024-10-08 14:53:06,Earth,0.7644341775182616,0.633795921175343,0.10950792973528681
74,2024-10-08 14:53:06,Mars,-0.03281981996764951,1.5117833381364276,0.04336477785863831
75,2024-10-08 21:32:02,Mercury,-0.22306060895662777,-0.37517741362468965,-0.02380167425536239
75,2024-10-08 21:32:02,Venus,0.3795463958821349,-0.6201790026004224,0.018732358808117782
75,2024-10-08 21:32:02,Earth,0.7613470587295667,0.6374266840700197,0.10919910311981992
75,2024-10-08 21:32:02,Mars,-0.036688322215562036,1.512066774131543,0.04301005944838893
76,2024-10-09 04:10:58,Mercury,-0.21787404306007932,-0.37944289712365803,-0.024008950784245878
76,2024-10-09 04:10:58,Venus,0.3842881439204362,-0.617266379461396,0.01907872920392261
76,2024-10-09 04:10:58,Earth,0.7582425976077098,0.6410427809408145,0.10888777974872683
76,2024-10-09 04:10:58,Mars,-0.04055658667365405,1.512340263014896,0.04265505905188228
77,2024-10-09 10:49:54,Mercury,-0.21262863188241796,-0.3836059214911543,-0.024209747284535153
77,2024-10-09 10:49:54,Venus,0.38900718531709555,-0.6143172836202851,0.019423973613979382
77,2024-10-09 10:49:54,Earth,0.7551208680107021,0.6446441273452127,0.1085739668443745
77,2024-10-09 10:49:54,Mars,-0.04442458808248725,1.5126038101074946,0.0422997791968692
78,2024-10-09 17:28:50,Mercury,-0.20732620571590782,-0.3876661086451319,-0.02440405664557729
78,2024-10-09 17:28:50,Venus,0.39370324321313166,-0.6113318924640475,0.019768071761731273
78,2024-10-09 17:28:50,Earth,0.7519819442111616,0.6482306395686741,0.10825767173220029
78,2024-10-09 17:28:50,Mars,-0.04829230121838225,1.5128574207917365,0.04194422240917475
79,2024-10-10 00:07:46,Mercury,-0.20196857885169545,-0.3916231039410019,-0.02459187299629565
79,2024-10-10 00:07:46,Venus,0.3983760421322537,-0.6083103854574973,0.020111003440602473
79,2024-10-10 00:07:46,Earth,0.7488259008721069,0.6518022346392787,0.10793890184002365
79,2024-10-10 00:07:46,Mars,-0.05215970089674876,1.5131011005104311,0.04158839121313635
81,2024-10-10 13:25:38,Mercury,-0.19109490142154076,-0.3992262129641504,-0.024948009120966955
81,2024-10-10 13:25:38,Venus,0.4076507681391445,-0.6021597520762837,0.020793286921962268
81,2024-10-10 13:25:38,Earth,0.7424627560232052,0.6589003452288401,0.10729396793336482
81,2024-10-10 13:25:38,Mars,-0.059893459341037264,1.5135586891184638,0.04087591568605437
82,2024-10-10 20:04:34,Mercury,-0.1855824013202526,-0.40287172778276076,-0.0251163229676911
82,2024-10-10 20:04:34,Venus,0.4122521513216335,-0.5990309949232758,0.021132598671166472
82,2024-10-10 20:04:34,Earth,0.7392558055513513,0.6624266986343511,0.10696781927735173
82,2024-10-10 20:04:34,Mars,-0.06375976792973437,1.513772609191289,0.040519276395401094
83,2024-10-11 02:43:30,Mercury,-0.1800218019090993,-0.40641285152142875,-0.025278131871170246
83,2024-10-11 02:43:30,Venus,0.41682918774683553,-0.5958668603407893,0.021470663847115653
83,2024-10-11 02:43:30,Earth,0.7360320375521848,0.6659378106840694,0.10663922655518097
83,2024-10-11 02:43:30,Mars,-0.06762566270872694,1.51397662066694,0.04016237277711224
84,2024-10-11 09:22:26,Mercury,-0.1744148407362909,-0.4098493357006408,-0.02543343553976266
84,2024-10-11 09:22:26,Venus,0.42138160907488836,-0.5926675380191231,0.021807462609682256
84,2024-10-11 09:22:26,Earth,0.7327915282104529,0.669433602305825,0.10630819768811443
84,2024-10-11 09:22:26,Mars,-0.07149111868753284,1.5141707292878013,0.03980520734690494
85,2024-10-11 16:01:22,Mercury,-0.16876324074289747,-0.41318095104448527,-0.025582234685008948
85,2024-10-11 16:01:22,Venus,0.42590914841767885,-0.5894332196742896,0.022142975193903732
85,2024-10-11 16:01:22,Earth,0.7295343539250755,0.6729139952210321,0.1059747406914892
85,2024-10-11 16:01:22,Mars,-0.07535611089629604,1.5143549408538073,0.03944778262012539
86,2024-10-11 22:40:18,Mercury,-0.16306871040044973,-0.4164074869373004,-0.025724530990945415
86,2024-10-11 22:40:18,Venus,0.43041154044865226,-0.5861640989679938,0.02247718191805871
86,2024-10-11 22:40:18,Earth,0.7262605911982005,0.676378912023251,0.10563886366468972
86,2024-10-11 22:40:18,Mars,-0.07922061446846304,1.5145292612262602,0.03909010110402441
87,2024-10-12 05:19:14,Mercury,-0.15733294421162913,-0.419528750698412,-0.025860327075761746
87,2024-10-12 05:19:14,Venus,0.4348885212276324,-0.5828603716326863,0.0228100631707523
87,2024-10-12 05:19:14,Earth,0.7229703167282155,0.6798282760334815,0.10530057480153833
87,2024-10-12 05:19:14,Mars,-0.08308460447794985,1.5146936963211846,0.03873216531287649
88,2024-10-12 11:58:10,Mercury,-0.15155762274124543,-0.42254456715490213,-0.02598962646704639
88,2024-10-12 11:58:10,Venus,0.4393398284044234,-0.5795222353236565,0.02314159942597714
88,2024-10-12 11:58:10,Earth,0.7196636072253639,0.683262011443698,0.10495988237210614
88,2024-10-12 11:58:10,Mars,-0.08694805610376823,1.5148482521164508,0.03837397775343146
89,2024-10-12 18:37:06,Mercury,-0.14574441300800275,-0.4254547780315983,-0.026112433569287236
89,2024-10-12 18:37:06,Venus,0.44376520113892587,-0.5761498896751193,0.023471771237185926
89,2024-10-12 18:37:06,Earth,0.716340539430046,0.686680043237636,0.10461679472484145
89,2024-10-12 18:37:06,Mars,-0.09081094454984069,1.5149929346469708,0.03801554093238429
91,2024-10-13 07:54:58,Mercury,-0.13401093065182074,-0.4309578314071002,-0.02633859274472496
91,2024-10-13 07:54:58,Venus,0.45253710764650285,-0.5693033786551437,0.024127944152019656
91,2024-10-13 07:54:58,Earth,0.7096456356990843,0.6934686998591001,0.10392346752140502
91,2024-10-13 07:54:58,Mars,-0.09853493290766217,1.5152527043432023,0.037297929522072025
92,2024-10-13 14:33:54,Mercury,-0.12809392673806935,-0.4335504373460717,-0.026441957767834406
92,2024-10-13 14:33:54,Venus,0.4568831275079427,-0.5658296222747291,0.024453906776368817
92,2024-10-13 14:33:54,Earth,0.7062739528590047,0.6968391785412064,0.10357324499335444
92,2024-10-13 14:33:54,Mars,-0.10239598341815967,1.5153678038703289,0.03693875993561707
93,2024-10-13 21:12:50,Mercury,-0.12214557255211773,-0.4360369636530546,-0.026538856351830314
93,2024-10-13 21:12:50,Venus,0.46120218513240596,-0.5623224745122336,0.024778428000249677
93,2024-10-13 21:12:50,Earth,0.7028862178093397,0.7001936612603733,0.10322066128898348
93,2024-10-13 21:12:50,Mars,-0.10625637195015315,1.5154730548540778,0.036579351093664954
94,2024-10-14 03:51:46,Mercury,-0.11616747150208892,-0.4384173292442086,-0.026629296892377467
94,2024-10-14 03:51:46,Venus,0.46549402753198443,-0.5587821446523439,0.025101488797229073
94,2024-10-14 03:51:46,Earth,0.6994825065851712,0.7035320767163327,0.10286572504383253
94,2024-10-14 03:51:46,Mars,-0.1101160739013867,1.5155684636177935,0.0362197054929631
95,2024-10-14 10:30:42,Mercury,-0.11016121514147087,-0.4406914671444844,-0.02671328851266826
95,2024-10-14 10:30:42,Venus,0.4697584033311717,-0.5552088438730831,0.02542307022802719
95,2024-10-14 10:30:42,Earth,0.6960628949241549,0.7068543542409076,0.10250844492646811
95,2024-10-14 10:30:42,Mars,-0.11397506470977421,1.5156540365410778,0.035859825628188624
96,2024-10-14 17:09:38,Mercury,-0.10412838346403676,-0.4428593240894776,-0.026790841042542098
96,2024-10-14 17:09:38,Venus,0.4739950627796468,-0.5516027852341535,0.02574315344154839
96,2024-10-14 17:09:38,Earth,0.6926274582217498,0.7101604237416987,0.10214882962899616
96,2024-10-14 17:09:38,Mars,-0.11783331985189394,1.515729780061168,0.035499713991966504
97,2024-10-14 23:48:34,Mercury,-0.09807054519877532,-0.4449208601459964,-0.026861964998690663
97,2024-10-14 23:48:34,Venus,0.47820375776679214,-0.547964183663664,0.02606171967590834
97,2024-10-14 23:48:34,Earth,0.6891762714894405,0.7134502156404019,0.10178688785721242
97,2024-10-14 23:48:34,Mars,-0.12169081484688117,1.5157957006727,0.03513937307512253
98,2024-10-15 06:27:30,Mercury,-0.09198925810761842,-0.4468760483500622,-0.026926671565916827
98,2024-10-15 06:27:30,Venus,0.4823842418340154,-0.5442932559465483,0.026378750259453933
98,2024-10-15 06:27:30,Earth,0.6857094093223993,0.7167236608013037,0.10142262832055596
98,2024-10-15 06:27:30,Mars,-0.12554752525335602,1.515851804926652,0.034778805366681965
99,2024-10-15 13:06:26,Mercury,-0.08588606928326396,-0.44872487436251524,-0.026984972579418037
99,2024-10-15 13:06:26,Venus,0.4865362701879792,-0.5405902207120811,0.026694226611780603
99,2024-10-15 13:06:26,Earth,0.6822269458740932,0.719980690454646,0.10105605972205568
99,2024-10-15 13:06:26,Mars,-0.1294034266678785,1.5158980994297993,0.03441801335348769
101,2024-10-16 02:24:18,Mercury,-0.073620123244926,-0.45210344363262095,-0.027082408438652086
101,2024-10-16 02:24:18,Venus,0.4947539889942846,-0.5330887113483991,0.027320442763458755
101,2024-10-16 02:24:18,Earth,0.6752155094453232,0.7264452295024548,0.10031603006097725
101,2024-10-16 02:24:18,Mars,-0.13711270511230006,1.5159612858913651,0.03369576634823068
102,2024-10-16 09:03:14,Mercury,-0.0674604095540187,-0.4536332184712461,-0.02712157006107826
102,2024-10-16 09:03:14,Venus,0.49881919830795135,-0.5292906835820496,0.027631145867311094
102,2024-10-16 09:03:14,Earth,0.6716866824683889,0.7296526024376184,0.09994258628628044
102,2024-10-16 09:03:14,Mars,-0.14096603353591222,1.515978191343696,0.03333431631880996
103,2024-10-16 15:42:10,Mercury,-0.06128488177316732,-0.45505669370611973,-0.027154379654459892
103,2024-10-16 15:42:10,Venus,0.5028549896576036,-0.5254614409977545,0.02794022135094202
103,2024-10-16 15:42:10,Earth,0.6681425462405293,0.7328432867714567,0.0995668680089813
103,2024-10-16 15:42:10,Mars,-0.14481845575778243,1.5159853140307207,0.03297265191031668
104,2024-10-16 22:21:06,Mercury,-0.055095038125241684,-0.4563739135339692,-0.027180852074123477
104,2024-10-16 22:21:06,Venus,0.50686112677571,-0.5216012112518393,0.028247651105242796
104,2024-10-16 22:21:06,Earth,0.6645831726848984,0.7360172142903709,0.09918888376482649
104,2024-10-16 22:21:06,Mars,-0.1486699475771321,1.515982660835919,0.03261077559922235
105,2024-10-17 05:00:02,Mercury,-0.04889236795533988,-0.4575849330505863,-0.027201002739472357
105,2024-10-17 05:00:02,Venus,0.5108373751376957,-0.5177102237678616,0.028553417118336758
105,2024-10-17 05:00:02,Earth,0.6610086333583044,0.7391743166340539,0.09880864203538126
105,2024-10-17 05:00:02,Mars,-0.15252048483130956,1.5159702386989373,0.03224868985968022
106,2024-10-17 11:38:58,Mercury,-0.042678352027046576,-0.458689818016447,-0.02721484762269993
106,2024-10-17 11:38:58,Venus,0.5147835019760441,-0.5137887097220118,0.028857501476558817
106,2024-10-17 11:38:58,Earth,0.657418999502642,0.7423145252205215,0.09842615124416987
106,2024-10-17 11:38:58,Mars,-0.15637004340097238,1.5159480546150292,0.03188639716374469
107,2024-10-17 18:17:54,Mercury,-0.03645446282054442,-0.4596886446362357,-0.027222403238327968
107,2024-10-17 18:17:54,Venus,0.5186992762914093,-0.509836902031257,0.029159886365427764
107,2024-10-17 18:17:54,Earth,0.6538143421106626,0.7454377711751176,0.09804141975439976
107,2024-10-17 18:17:54,Mars,-0.1602185992059462,1.5159161156339664,0.031523899981469976
108,2024-10-18 00:56:50,Mercury,-0.030222164827673106,-0.46058149935251014,-0.027223686633552478
108,2024-10-18 00:56:50,Venus,0.5225844688661222,-0.5058550353389509,0.029460554070615194
108,2024-10-18 00:56:50,Earth,0.6501947319970078,0.7485439852719954,0.09765445586832563
108,2024-10-18 00:56:50,Mars,-0.1640661282072226,1.5158744288587402,0.031161200780636483
109,2024-10-18 07:35:46,Mercury,-0.023982914847570185,-0.46136847865278974,-0.027218715379375393
109,2024-10-18 07:35:46,Venus,0.5264388522758789,-0.5018433460020711,0.029759486978905854
109,2024-10-18 07:35:46,Earth,0.6465602398787772,0.7516330978840468,0.09726526782825537
109,2024-10-18 07:35:46,Mars,-0.16791260640463748,1.5158230014462113,0.030798302026563584
111,2024-10-18 20:53:38,Mercury,-0.011489349419664622,-0.4626252461160526,-0.027190081778018394
111,2024-10-18 20:53:38,Venus,0.5340542909454762,-0.4937314533075602,0.03035207846323768
111,2024-10-18 20:53:38,Earth,0.6392468925181273,0.7577597379274272,0.09648025197262235
111,2024-10-18 20:53:38,Mars,-0.1756023145945582,1.5156909536078231,0.030071915709423892
112,2024-10-19 03:32:34,Mercury,-0.005237911745049988,-0.4630952759277826,-0.027166457122733762
112,2024-10-19 03:32:34,Venus,0.5378149004349271,-0.48963173110842184,0.03064570232699697
112,2024-10-19 03:32:34,Earth,0.6355681789960433,0.7607971238218172,0.09608444037244612
112,2024-10-19 03:32:34,Mars,-0.17944549679511265,1.5156103477648852,0.02970843306704629
113,2024-10-19 10:11:30,Mercury,0.0010147217885977007,-0.463459913325948,-0.027136653189340658
113,2024-10-19 10:11:30,Venus,0.5415438092426141,-0.4855031485543351,0.030937521971178716
113,2024-10-19 10:11:30,Earth,0.6318748670868198,0.7638171251426178,0.09568643706095092
113,2024-10-19 10:11:30,Mars,-0.18328753260602687,1.5155200304497651,0.029344760712241645
114,2024-10-19 16:50:26,Mercury,0.007267128461919549,-0.46371930258609395,-0.027100690061208736
114,2024-10-19 16:50:26,Venus,0.5452407990943641,-0.48134595036471944,0.03122752030237038
114,2024-10-19 16:50:26,Earth,0.6281670283201256,0.7668196699343977,0.09528625004652397
114,2024-10-19 16:50:26,Mars,-0.18712839823264216,1.5154200090874625,0.02898090109941634
115,2024-10-19 23:29:22,Mercury,0.013517891504135576,-0.46387359714162857,-0.0270585883079024
115,2024-10-19 23:29:22,Venus,0.5489056535820394,-0.4771603828897049,0.03151568033392401
115,2024-10-19 23:29:22,Earth,0.6244447346419655,0.7698046857930658,0.09488388731173504
115,2024-10-19 23:29:22,Mars,-0.19096806992254273,1.5153102911566254,0.028616856680658696
116,2024-10-20 06:08:18,Mercury,0.01976559980651388,-0.4639229594787507,-0.027010368981374235
116,2024-10-20 06:08:18,Venus,0.5525381581744293,-0.472946694097019,0.0318019851868812
116,2024-10-20 06:08:18,Earth,0.6207080584906548,0.7727720998940051,0.09447935682194275
116,2024-10-20 06:08:18,Mars,-0.19480652396359033,1.5151908841882373,0.02825262990597596
117,2024-10-20 12:47:14,Mercury,0.026008847638968872,-0.4638675610430156,-0.02695605361282902
117,2024-10-20 12:47:14,Venus,0.5561381002296426,-0.4687051335569852,0.03208641809088888
117,2024-10-20 12:47:14,Earth,0.6169570728634268,0.775721839029993,0.0940726665341467
117,2024-10-20 12:47:14,Mars,-0.1986437366858631,1.5150617957642092,0.027888223223172325
118,2024-10-20 19:26:10,Mercury,0.032246234366774255,-0.46370758215743674,-0.02689566421024537
118,2024-10-20 19:26:10,Venus,0.5597052690057975,-0.4644359524292787,0.032368962385108495
118,2024-10-20 19:26:10,Earth,0.6131918513780594,0.7786538296532766,0.09366382440588412
118,2024-10-20 19:26:10,Mars,-0.20247968445891085,1.5149230335184367,0.027523639077644043
119,2024-10-21 02:05:06,Mercury,0.03847636417027611,-0.4634432119518659,-0.02682922325654842
119,2024-10-21 02:05:06,Venus,0.5632394556729635,-0.4601394034480419,0.03264960151912178
119,2024-10-21 02:05:06,Earth,0.6094124683244074,0.781567997924162,0.09325283840398794
119,2024-10-21 02:05:06,Mars,-0.20631434369444537,1.514774605137693,0.027158879912480748
121,2024-10-21 15:22:58,Mercury,0.050909292128128975,-0.4626020977888013,-0.026678278995745413
121,2024-10-21 15:22:58,Venus,0.5702080569876653,-0.45146522064817207,0.033205098662338645
121,2024-10-21 15:22:58,Earth,0.6018115182905655,0.7873425708991143,0.09242446674346565
121,2024-10-21 15:22:58,Mars,-0.21397970241432973,1.5144487809794935,0.026428846285211256
122,2024-10-21 22:01:54,Mercury,0.05710932021473804,-0.46202577564548925,-0.026593823021674005
122,2024-10-21 22:01:54,Venus,0.5736420636351153,-0.44708810004209254,0.03347992413086016
122,2024-10-21 22:01:54,Earth,0.5979901036119226,0.7902028269323209,0.09200709713895666
122,2024-10-21 22:01:54,Mars,-0.2178103549321196,1.5142714008342233,0.02606357669828185
123,2024-10-22 04:40:50,Mercury,0.06329655069282557,-0.46134590574638834,-0.02650341016331066
123,2024-10-22 04:40:50,Venus,0.5770422721958245,-0.4426846379781346,0.03375277935957845
123,2024-10-22 04:40:50,Earth,0.594154832018016,0.7930449633795758,0.0915876157835186
123,2024-10-22 04:40:50,Mars,-0.2216396249790445,1.5140843858185657,0.025698141841493594
124,2024-10-22 11:19:46,Mercury,0.06946960766677843,-0.46056272058328157,-0.026407065273007877
124,2024-10-22 11:19:46,Venus,0.5804084835655244,-0.4382550948480611,0.03402364836353049
124,2024-10-22 11:19:46,Earth,0.5903057816738202,0.7958689057304522,0.09116603080773353
124,2024-10-22 11:19:46,Mars,-0.22546748917392084,1.5138877438774234,0.025332544146025177
125,2024-10-22 17:58:42,Mercury,0.07562711840933733,-0.4596764612615041,-0.02630481368026852
125,2024-10-22 17:58:42,Venus,0.5837405006183204,-0.43379973253071585,0.03429251527347451
125,2024-10-22 17:58:42,Earth,0.586443031571893,0.798674579498284,0.09074235039444464
125,2024-10-22 17:58:42,Mars,-0.22929392418014038,1.5136814830056318,0.02496678604102811
126,2024-10-23 00:37:38,Mercury,0.0817677130925342,-0.458687377505335,-0.026196681194247815
126,2024-10-23 00:37:38,Venus,0.587038128216208,-0.4293188143787818,0.03455936433675027
126,2024-10-23 00:37:38,Earth,0.5825666615388314,0.8014619102669321,0.09031658278378654
126,2024-10-23 00:37:38,Mars,-0.23311890670129895,1.5134656112477982,0.024600869953502903
127,2024-10-23 07:16:34,Mercury,0.08789002452266077,-0.4575957276735826,-0.026082694106854144
127,2024-10-23 07:16:34,Venus,0.5903011732203818,-0.4248126052029828,0.034824179918136446
127,2024-10-23 07:16:34,Earth,0.5786767522339821,0.8042308237373239,0.08988873627759594
127,2024-10-23 07:16:34,Mars,-0.23694241348303272,1.5132401366987778,0.024234798307926943
128,2024-10-23 13:55:30,Mercury,0.09399268787687222,-0.45640177878561533,-0.025962879196443096
128,2024-10-23 13:55:30,Venus,0.5935294445020828,-0.4202813712566129,0.03508694650070083
128,2024-10-23 13:55:30,Earth,0.574773385145108,0.8069812457705018,0.0894588192432291
128,2024-10-23 13:55:30,Mars,-0.24076442131486334,1.5130050675045035,0.02386857352620372
129,2024-10-23 20:34:26,Mercury,0.10007434043958006,-0.4551058065582539,-0.025837263732102548
129,2024-10-23 20:34:26,Venus,0.596722752951207,-0.41572538022301186,0.03534764868664243
129,2024-10-23 20:34:26,Earth,0.5708566425852136,0.8097131024246074,0.08902684011683058
129,2024-10-23 20:34:26,Mars,-0.244584907024889,1.512760411862446,0.023502198027912966
131,2024-10-24 09:52:18,Mercury,0.11216917131885283,-0.4522089387296029,-0.025568742701487845
131,2024-10-24 09:52:18,Venus,0.6030037350753458,-0.40654020467429003,0.035862798878131354
131,2024-10-24 09:52:18,Earth,0.5629833643582736,0.8151208250405299,0.08815672969260621
131,2024-10-24 09:52:18,Mars,-0.2522212196161902,1.512242374268796,0.022769004548047013
132,2024-10-24 16:31:14,Mercury,0.11817963242185062,-0.4506086385215756,-0.02542589417387123
132,2024-10-24 16:31:14,Venus,0.6060910407218666,-0.40191156253100174,0.036117216691241884
132,2024-10-24 16:31:14,Earth,0.5590269973433941,0.8177965444237013,0.0877186156337071
132,2024-10-24 16:31:14,Mars,-0.2560370003663811,1.5119690089568403,0.022402191393019202
133,2024-10-24 23:10:10,Mercury,0.12416364779824991,-0.44890750590614314,-0.025277359182331084
133,2024-10-24 23:10:10,Venus,0.6091426474991866,-0.3972592480131967,0.0363695097244982
133,2024-10-24 23:10:10,Earth,0.5550575921368126,0.8204534053285053,0.08727847396412007
133,2024-10-24 23:10:10,Mars,-0.25985116673551784,1.511686090477153,0.02203523717477543
134,2024-10-25 05:49:06,Mercury,0.13011986144936932,-0.4471058609887408,-0.025123167533853633
134,2024-10-25 05:49:06,Venus,0.612158376560864,-0.3925835356992109,0.036619663189234916
134,2024-10-25 05:49:06,Earth,0.5510752349898926,0.8230913353012703,0.0868363134953502
134,2024-10-25 05:49:06,Mars,-0.2636636957816927,1.5113936272714388,0.021668144299253476
135,2024-10-25 12:28:02,Mercury,0.13604691788511492,-0.4452040330316724,-0.024963349566178517
135,2024-10-25 12:28:02,Venus,0.6151380511019457,-0.38788470156399807,0.03686766241771539
135,2024-10-25 12:28:02,Earth,0.5470800129583916,0.8257102622272431,0.08639214312412205
135,2024-10-25 12:28:02,Mars,-0.26747456455663765,1.511091627833472,0.021300915174704303
136,2024-10-25 19:06:58,Mercury,0.14194346202796884,-0.4432023605179047,-0.02479793615234117
136,2024-10-25 19:06:58,Venus,0.6180814964448189,-0.383163022845487,0.03711349287020374
136,2024-10-25 19:06:58,Earth,0.5430720137883828,0.8283101144179701,0.08594597182212833
136,2024-10-25 19:06:58,Mars,-0.2712837502026247,1.5107801007018333,0.020933552202042807
137,2024-10-26 01:45:54,Mercury,0.14780813886933197,-0.44110119130051473,-0.024626958712232194
137,2024-10-26 01:45:54,Venus,0.6209885399978611,-0.3784187781075859,0.037357140131567906
137,2024-10-26 01:45:54,Earth,0.5390513259707477,0.8308908205852746,0.08549780864408643
137,2024-10-26 01:45:54,Mars,-0.27509122988783224,1.5104590544657748,0.02056605778090204
138,2024-10-26 08:24:50,Mercury,0.1536395932528822,-0.4389008827257576,-0.02445044922156555
138,2024-10-26 08:24:50,Venus,0.6238590112771039,-0.3736522472058022,0.037598589913115
138,2024-10-26 08:24:50,Earth,0.5350180387133232,0.8334523098687339,0.08504766272644948
138,2024-10-26 08:24:50,Mars,-0.2788969808216891,1.5101284977637324,0.020198434308405448
139,2024-10-26 15:03:46,Mercury,0.15943646963700636,-0.43660180177359525,-0.024268440222082324
139,2024-10-26 15:03:46,Venus,0.6266927419163667,-0.3688637112702297,0.03783782805337028
139,2024-10-26 15:03:46,Earth,0.5309722419274696,0.8359945118525757,0.0845955432878719
139,2024-10-26 15:03:46,Mars,-0.2827009802584815,1.5097884392810001,0.019830684179326846
141,2024-10-27 04:21:38,Mercury,0.17092106289731854,-0.4317088397470808,-0.023888056759228345
141,2024-10-27 04:21:38,Venus,0.6322493184505378,-0.35922175510269544,0.03830961340483703
141,2024-10-27 04:21:38,Earth,0.5228434828761968,0.8410207745634204,0.08368542113592199
141,2024-10-27 04:21:38,Mars,-0.29030363386484836,1.509079851948882,0.019094813517753866
142,2024-10-27 11:00:34,Mercury,0.17660606465083925,-0.4291157422208064,-0.02368975030981244
142,2024-10-27 11:00:34,Venus,0.6349718382808303,-0.35436890336768284,0.03854213293612019
142,2024-10-27 11:00:34,Earth,0.51876070386275,0.8435046968051703,0.08322743727436556
142,2024-10-27 11:00:34,Mars,-0.29410224275218666,1.5087113407069677,0.018726697761904897
143,2024-10-27 17:39:30,Mercury,0.18225105770250616,-0.4264254397706781,-0.023486080404183523
143,2024-10-27 17:39:30,Venus,0.6376569653602234,-0.3494951835601863,0.03877238546776861
143,2024-10-27 17:39:30,Earth,0.5146657818048367,0.8459690548033911,0.08276751759621505
143,2024-10-27 17:39:30,Mars,-0.2978990095820599,1.5083333628990396,0.01835846490315556
144,2024-10-28 00:18:26,Mercury,0.18785468109821413,-0.4236383500380844,-0.023277082588648898
144,2024-10-28 00:18:26,Venus,0.6403045420436091,-0.34460088295221397,0.039000357485867644
144,2024-10-28 00:18:26,Earth,0.5105588099869308,0.8484137805663654,0.08230567173680464
144,2024-10-28 00:18:26,Mars,-0.30169391182050753,1.5079459274475078,0.017990117323810784
145,2024-10-28 06:57:22,Mercury,0.19341557212633495,-0.4207549013719723,-0.02306279304967387
145,2024-10-28 06:57:22,Venus,0.6429144128571224,-0.3396862899951585,0.039226035608261704
145,2024-10-28 06:57:22,Earth,0.5064398823401685,0.8508388066260897,0.08184190941593064
145,2024-10-28 06:57:22,Mars,-0.30548692697805674,1.5075490433208478,0.0176216574032806
146,2024-10-28 13:36:18,Mercury,0.19893236609877243,-0.41777553304753096,-0.022843248628448477
146,2024-10-28 13:36:18,Venus,0.6454864245058226,-0.33475169430524415,0.03944940658528645
146,2024-10-28 13:36:18,Earth,0.5023090934366811,0.8532440660493286,0.08137624043827867
146,2024-10-28 13:36:18,Mars,-0.3092780326063506,1.5071427195349296,0.017253087518025602
147,2024-10-28 20:15:14,Mercury,0.20440369613644174,-0.4147006954960924,-0.02261848683610579
147,2024-10-28 20:15:14,Venus,0.6480204258821021,-0.3297973866474549,0.03967045730049539
147,2024-10-28 20:15:14,Earth,0.49816653848225956,0.8556294924500069,0.08090867469388303
147,2024-10-28 20:15:14,Mars,-0.313067206299505,1.5067269651525537,0.016884410041966467
148,2024-10-29 02:54:10,Mercury,0.20982819295859653,-0.4115308505466601,-0.022388545869601064
148,2024-10-29 02:54:10,Venus,0.6505162680742176,-0.3248236589189184,0.039889174771380216
148,2024-10-29 02:54:10,Earth,0.49401231330861345,0.8579950200021272,0.08043922215862208
148,2024-10-29 02:54:10,Mars,-0.31685442569586686,1.5063017892818502,0.016515627346764632
149,2024-10-29 09:33:06,Mercury,0.21520448467535996,-0.4082664716796423,-0.022153464628261555
149,2024-10-29 09:33:06,Venus,0.6529738043742873,-0.3198308041330503,0.04010554615008273
149,2024-10-29 09:33:06,Earth,0.4898465143667489,0.8603405834523343,0.07996789289474253
149,2024-10-29 09:33:06,Mars,-0.3206396684765565,1.505867201076014,0.016146741801608824
151,2024-10-29 22:50:58,Mercury,0.2258069509731526,-0.4014560659776357,-0.021668040534309617
151,2024-10-29 22:50:58,Venus,0.6577733835357266,-0.30978889092395523,0.04053119991699373
151,2024-10-29 22:50:58,Earth,0.4814805840325908,0.8649715599779305,0.079019644865309
151,2024-10-29 22:50:58,Mars,-0.32820413513353175,1.5049698245020084,0.015408671624196
152,2024-10-30 05:29:54,Mercury,0.23103036691944687,-0.39791104681427947,-0.021417779150734645
152,2024-10-30 05:29:54,Venus,0.6601151440730285,-0.30474042396158246,0.04074045728905915
152,2024-10-30 05:29:54,Earth,0.4772806485733368,0.8672568455300945,0.07854274666118231
152,2024-10-30 05:29:54,Mars,-0.33198331458746655,1.504507054672345,0.015039491716662022
153,2024-10-30 12:08:50,Mercury,0.23620006010597494,-0.3942735096704333,-0.021162540468352895
153,2024-10-30 12:08:50,Venus,0.6624180340862503,-0.2996740128296812,0.040947318538034884
153,2024-10-30 12:08:50,Earth,0.4730695311952183,0.8695219119626351,0.07806401285247697
153,2024-10-30 12:08:50,Mars,-0.33576042858377203,1.5040349095816563,0.014670218408775753
154,2024-10-30 18:47:46,Mercury,0.241314642631132,-0.3905439905206259,-0.020902367170758114
154,2024-10-30 18:47:46,Venus,0.664681918005605,-0.294589955877959,0.041151771499769015
154,2024-10-30 18:47:46,Earth,0.46884733133515555,0.8717666970889166,0.07758345394190895
154,2024-10-30 18:47:46,Mars,-0.33953545501744975,1.5035533986113843,0.014300854056111027
155,2024-10-31 01:26:42,Mercury,0.24637272282955613,-0.38672303877498915,-0.02063730275786804
155,2024-10-31 01:26:42,Venus,0.6669066625121821,-0.2894885524733464,0.04135380414889284
155,2024-10-31 01:26:42,Earth,0.46461414900188974,0.8739911393790638,0.07710108052204138
155,2024-10-31 01:26:42,Mars,-0.34330837182740637,1.5030625311876644,0.013931401011329109
156,2024-10-31 08:05:38,Mercury,0.2513729050963835,-0.38281121762254483,-0.020367391567466434
156,2024-10-31 08:05:38,Venus,0.6690921365452966,-0.2843701029834325,0.04155340459948519
156,2024-10-31 08:05:38,Earth,0.460370084766622,0.8761951779748456,0.07661690327583195
156,2024-10-31 08:05:38,Mars,-0.3470791569979406,1.5025623167814366,0.013561861624583968
157,2024-10-31 14:44:34,Mercury,0.25631378971574204,-0.3788091043891089,-0.020092678797506983
157,2024-10-31 14:44:34,Venus,0.671238211308809,-0.2792349087620519,0.041750561105729875
157,2024-10-31 14:44:34,Earth,0.4561152397558036,0.8783787527032557,0.07613093297713817
157,2024-10-31 14:44:34,Mars,-0.35084778855441967,1.502052764908662,0.013192238243734632
158,2024-10-31 21:23:30,Mercury,0.2611939726980475,-0.3747172909072938,-0.019813210529192975
158,2024-10-31 21:23:30,Venus,0.6733447602795705,-0.27408327212960254,0.04194526206256591
158,2024-10-31 21:23:30,Earth,0.4518497156363628,0.8805418040937932,0.07564318049117581
158,2024-10-31 21:23:30,Mars,-0.3546142445690291,1.501533885128218,0.012822533214034076
159,2024-11-01 04:02:26,Mercury,0.2660120456202937,-0.3705363839028535,-0.019529033750846157
159,2024-11-01 04:02:26,Venus,0.6754116592134576,-0.2689154963586869,0.042137496006331834
159,2024-11-01 04:02:26,Earth,0.44757361460715644,0.8826842733920649,0.07515365677490951
159,2024-11-01 04:02:26,Mars,-0.3583785031544677,1.5010056870438855,0.012452748877723541
161,2024-11-01 17:20:18,Mercury,0.27545620452403435,-0.361909793108033,-0.018946747301778127
161,2024-11-01 17:20:18,Venus,0.6794260214329949,-0.25853274514667385,0.04251451771080734
161,2024-11-01 17:20:18,Earth,0.4389900931913822,0.8869072343695982,0.07416933993991282
161,2024-11-01 17:20:18,Mars,-0.365900340706946,1.4999213746026354,0.01171295163963086
162,2024-11-01 23:59:14,Mercury,0.280079450162263,-0.35746540090865936,-0.018648736369440054
162,2024-11-01 23:59:14,Venus,0.6813732476891696,-0.2533183808561279,0.04269928325687552
162,2024-11-01 23:59:14,Earth,0.43468287973947783,0.8889876122596869,0.07367456919631434
162,2024-11-01 23:59:14,Mars,-0.36965787611705364,1.499365279674282,0.011342943408441516
163,2024-11-02 06:38:10,Mercury,0.2846349047861199,-0.3529344992442679,-0.01834621445732701
163,2024-11-02 06:38:10,Venus,0.6832803498630983,-0.24808909969362003,0.04288153736182726
163,2024-11-02 06:38:10,Earth,0.43036550321668937,0.8910471805091184,0.07317807197286129
163,2024-11-02 06:38:10,Mars,-0.37341312698511886,1.4987999052967242,0.010972865211697071
164,2024-11-02 13:17:06,Mercury,0.2891211356712862,-0.34831777560871724,-0.01803923347600645
164,2024-11-02 13:17:06,Venus,0.6851472152090637,-0.24284520943619886,0.043061269278393016
164,2024-11-02 13:17:06,Earth,0.42603806827131074,0.893085884170929,0.07267985968826181
164,2024-11-02 13:17:06,Mars,-0.377166071639976,1.4982252612912466,0.010602719377722876
165,2024-11-02 19:56:02,Mercury,0.29353670485954564,-0.34361593501878,-0.0177278464037597
165,2024-11-02 19:56:02,Venus,0.6869737333007484,-0.2375870187103663,0.0432384684044109
165,2024-11-02 19:56:02,Earth,0.42170067999362004,0.8951036691028713,0.07217994385346865
165,2024-11-02 19:56:02,Mars,-0.38091668845609217,1.4976413575227792,0.01023250823220057
166,2024-11-03 02:34:58,Mercury,0.2978801690535654,-0.33882970050878947,-0.017412107316386996
166,2024-11-03 02:34:58,Venus,0.6887597960371389,-0.23231483697590857,0.04341312428342028
166,2024-11-03 02:34:58,Earth,0.41735344389931767,0.8971004819801519,0.07167833607138173
166,2024-11-03 02:34:58,Mars,-0.3846649558520187,1.4970482038994206,0.0098622340983199
167,2024-11-03 09:13:54,Mercury,0.3021500795216629,-0.3339598136417873,-0.017092071417920306
167,2024-11-03 09:13:54,Venus,0.6905052976486414,-0.22702897450881462,0.04358522660524678
167,2024-11-03 09:13:54,Earth,0.41299646591104594,0.8990762703081809,0.07117504803642777
167,2024-11-03 09:13:54,Mars,-0.388410852289288,1.4964458103714944,0.009491899296499644
168,2024-11-03 15:52:50,Mercury,0.3063449820304459,-0.3290070350166272,-0.016767795070899105
168,2024-11-03 15:52:50,Venus,0.6922101347103916,-0.22172974236113924,0.0437547652072848
168,2024-11-03 15:52:50,Earth,0.40862985231970966,0.9010309824433792,0.07067009153190223
168,2024-11-03 15:52:50,Mars,-0.39215435628882417,1.4958341869288383,0.009121506142452754
169,2024-11-03 22:31:46,Mercury,0.31046341670005784,-0.323972144897418,-0.0164393358343865
169,2024-11-03 22:31:46,Venus,0.6938742061194699,-0.21641745243344543,0.04392173007224378
169,2024-11-03 22:31:46,Earth,0.404253709838753,0.9029645675715227,0.07016347843774531
169,2024-11-03 22:31:46,Mars,-0.3958954463666698,1.4952133436121613,0.008751056953441803
171,2024-11-04 11:49:38,Mercury,0.31846501485964973,-0.31365925242117765,-0.015770105078696892
171,2024-11-04 11:49:38,Venus,0.6970796593978519,-0.20575495040153596,0.04424789927012875
171,2024-11-04 11:49:38,Earth,0.39547326657178594,0.9067681579748194,0.06914533042374228
171,2024-11-04 11:49:38,Mars,-0.40337029921540923,1.4939440377010131,0.00800999970946898
172,2024-11-04 18:28:34,Mercury,0.3223452301830928,-0.3083829136894862,-0.015429454941170196
172,2024-11-04 18:28:34,Venus,0.6986208508578279,-0.20040536576310575,0.04440708431352433
172,2024-11-04 18:28:34,Earth,0.39106918078555714,0.9086380660190618,0.06863381969908086
172,2024-11-04 18:28:34,Mars,-0.40710401930208306,1.4932955953846154,0.007639396269838846
173,2024-11-05 01:07:30,Mercury,0.32614308128852243,-0.3030277919141294,-0.015084864748095736
173,2024-11-05 01:07:30,Venus,0.7001208958646508,-0.19504397821933303,0.04456365704258385
173,2024-11-05 01:07:30,Earth,0.3866559960458224,0.9104866526210545,0.0681207007708141
173,2024-11-05 01:07:30,Mars,-0.4108352401133462,1.4926379737489543,0.007268746023808361
174,2024-11-05 07:46:26,Mercury,0.3298570796650743,-0.2975947741594247,-0.014736398540768343
174,2024-11-05 07:46:26,Venus,0.7015797051303697,-0.1896711032760359,0.044717608186921304
174,2024-11-05 07:46:26,Earth,0.3822338205405591,0.9123138714026294,0.06760598595170018
174,2024-11-05 07:46:26,Mars,-0.41456394041589906,1.4919711830382576,0.006898051271748991
175,2024-11-05 14:25:22,Mercury,0.33348573102396095,-0.29208477075589695,-0.014384121769018682
175,2024-11-05 14:25:22,Venus,0.7029971917433615,-0.18428705711604187,0.04486892862685649
175,2024-11-05 14:25:22,Earth,0.37780276268891017,0.9141196768949765,0.06708968763809402
175,2024-11-05 14:25:22,Mars,-0.4182900990226273,1.491295233537782,0.006527314311346644
176,2024-11-05 21:04:18,Mercury,0.3370275353177662,-0.28649871597997134,-0.014028101330797233
176,2024-11-05 21:04:18,Venus,0.7043732711727941,-0.17889215658389776,0.04501760939393486
176,2024-11-05 21:04:18,Earth,0.37336293111900803,0.9159040245440715,0.06657181830836396
176,2024-11-05 21:04:18,Mars,-0.422013694787159,1.49061013557375,0.006156537437420929
177,2024-11-06 03:43:14,Mercury,0.3404809867784553,-0.2808375687520181,-0.01366840561281569
177,2024-11-06 03:43:14,Venus,0.70570786127413,-0.17348671916624286,0.04516364167143871
177,2024-11-06 03:43:14,Earth,0.3689144346394222,0.9176668707176727,0.0660523905211635
177,2024-11-06 03:43:14,Mars,-0.4257347066074726,1.4899158995120885,0.0057857229416376525
178,2024-11-06 10:22:10,Mercury,0.34384457397224544,-0.2751023133561937,-0.013305104532254898
178,2024-11-06 10:22:10,Venus,0.7070008822938562,-0.16807106297446325,0.04530701679489132
178,2024-11-06 10:22:10,Earth,0.3644573822128123,0.9194081727101902,0.06553141691355137
178,2024-11-06 10:22:10,Mars,-0.42945311342617276,1.4892125357592592,0.0054148731126207805
179,2024-11-06 17:01:06,Mercury,0.3471167798728002,-0.2692939601821094,-0.012938269579550209
179,2024-11-06 17:01:06,Venus,0.7082522568737294,-0.16264550672892883,0.04544772625255287
179,2024-11-06 17:01:06,Earth,0.3599918829308095,0.9211278887458556,0.06500891019894815
179,2024-11-06 17:01:06,Mars,-0.4331688942282143,1.4885000547631702,0.005043990236384555
181,2024-11-07 06:18:58,Mercury,0.35338095231386535,-0.257462137175906,-0.012194292150066002
181,2024-11-07 06:18:58,Venus,0.7106297692864396,-0.15176597188991242,0.04572111489015337
181,2024-11-07 06:18:58,Earth,0.3510359806306122,0.9245024005144215,0.06395934867073867
181,2024-11-07 06:18:58,Mars,-0.44059249394970146,1.4870477830304347,0.004302134473424689
182,2024-11-07 12:57:54,Mercury,0.3563698577943012,-0.2514408256148283,-0.011817300920781145
182,2024-11-07 12:57:54,Venus,0.7117557644213789,-0.14631263361644054,0.045853777814657375
182,2024-11-07 12:57:54,Earth,0.34654579617020914,0.9261571173714109,0.06343231964480053
182,2024-11-07 12:57:54,Mars,-0.4443002710626615,1.4863080133878417,0.0039311661447353225
183,2024-11-07 19:36:50,Mercury,0.359261260159585,-0.245350734451997,-0.01143707840759304
183,2024-11-07 19:36:50,Venus,0.7128398277288925,-0.1408506758953145,0.04598374256344009
183,2024-11-07 19:36:50,Earth,0.34204760190963673,0.9277900905193425,0.0629038090817169
183,2024-11-07 19:36:50,Mars,-0.44800533854290553,1.4855591686923408,0.0035601738846828225
184,2024-11-08 02:15:46,Mercury,0.3620536162749151,-0.23919301647031846,-0.01105370464731986
184,2024-11-08 02:15:46,Venus,0.7138818938949013,-0.13538042021992863,0.046111001395623595
184,2024-11-08 02:15:46,Earth,0.3375415071280019,0.9294012828587286,0.062373830039210314
184,2024-11-08 02:15:46,Mars,-0.4517076755987226,1.4848012595911728,0.00318915996477875
185,2024-11-08 08:54:42,Mercury,0.36474537831952686,-0.23296885546172136,-0.010667261529817137
185,2024-11-08 08:54:42,Venus,0.7148819000260422,-0.12990218858750444,0.046235546725883994
185,2024-11-08 08:54:42,Earth,0.33302762104741135,0.9309906582189914,0.06184239563470004
185,2024-11-08 08:54:42,Mars,-0.45540726147815497,1.4840342967709876,0.00281812665373636
186,2024-11-08 15:33:38,Mercury,0.3673349940287423,-0.2266794671210964,-0.010277832848487118
186,2024-11-08 15:33:38,Venus,0.715839785654242,-0.1244163034775165,0.04635737112489432
186,2024-11-08 15:33:38,Earth,0.32850605279265466,0.932558181354224,0.06130951904157564
186,2024-11-08 15:33:38,Mars,-0.45910407547621734,1.4832582909555612,0.002447076217247865
187,2024-11-08 22:12:34,Mercury,0.3698209069631966,-0.22032609996677993,-0.009885504351892673
187,2024-11-08 22:12:34,Venus,0.7167554927398255,-0.11892308783711913,0.046476467319758526
187,2024-11-08 22:12:34,Earth,0.323976911358835,0.9341038179332041,0.06077521348512698
187,2024-11-08 22:12:34,Mars,-0.46279809692863383,1.4824732529090836,0.002076010917984918
188,2024-11-09 04:51:30,Mercury,0.37220155681107875,-0.21391003628136224,-0.009490363796468688
188,2024-11-09 04:51:30,Venus,0.7176289656755076,-0.11342286506111866,0.04659282819443844
188,2024-11-09 04:51:30,Earth,0.31944030557087627,0.935627534529176,0.06023949223810401
188,2024-11-09 04:51:30,Mars,-0.4664893052175297,1.4816791934350286,0.001704933015872107
189,2024-11-09 11:30:26,Mercury,0.3744753797317487,-0.20743259304971431,-0.009092500998652988
189,2024-11-09 11:30:26,Venus,0.7184601512931672,-0.1079159589514475,0.046706446790643064
189,2024-11-09 11:30:26,Earth,0.31489634402633804,0.9371292986115414,0.059702368613635634
189,2024-11-09 11:30:26,Mars,-0.47017767978611685,1.4808761233718923,0.001333844766603899
191,2024-11-10 00:48:18,Mercury,0.3786962739047358,-0.19429901573358452,-0.008288978595230938
191,2024-11-10 00:48:18,Venus,0.7199954600692654,-0.09688339419382686,0.04692543009906198
191,2024-11-10 00:48:18,Earth,0.3057867869564913,0.9400668433931488,0.05862396768628305
191,2024-11-10 00:48:18,Mars,-0.47754584560819513,1.4792429950547816,0.0005916462478750855
192,2024-11-10 07:27:14,Mercury,0.3806402032842664,-0.18764569830422165,-0.00788350943163178
192,2024-11-10 07:27:14,Venus,0.7206994890962881,-0.09135838516472584,0.04703078168428567
192,2024-11-10 07:27:14,Earth,0.3012214072510308,0.9415025632926245,0.05808271717562326
192,2024-11-10 07:27:14,Mars,-0.481225595947796,1.478412958673449,0.00022054047540816702
193,2024-11-10 14:06:10,Mercury,0.38247102289213386,-0.18093663681149746,-0.007475699029560263
193,2024-11-10 14:06:10,Venus,0.721361042537968,-0.08582799207299488,0.04713336473640376
193,2024-11-10 14:06:10,Earth,0.29664910340694683,0.9429162090030878,0.057540117866029014
193,2024-11-10 14:06:10,Mars,-0.4849024306944648,1.4775739554578176,-0.00015056664495833284
194,2024-11-10 20:45:06,Mercury,0.38418715748990295,-0.174173337199162,-0.007065648359280908
194,2024-11-10 20:45:06,Venus,0.7219800794490833,-0.08029254062757174,0.04723317308905353
194,2024-11-10 20:45:06,Earth,0.29206998241028787,0.944307752084061,0.05699618319861376
194,2024-11-10 20:45:06,Mars,-0.4885763294944296,1.4767259964398378,-0.0005216728709466302
195,2024-11-11 03:24:02,Mercury,0.38578703110785995,-0.1673573464131702,-0.006653460797255269
195,2024-11-11 03:24:02,Venus,0.7225565613383708,-0.0747523568601254,0.047330200735498214
195,2024-11-11 03:24:02,Earth,0.28748415080654605,0.9456771648115958,0.05645092661921416
195,2024-11-11 03:24:02,Mars,-0.49224727203771507,1.4758690926884148,-0.0008927759632688138
196,2024-11-11 10:02:58,Mercury,0.38726906766613717,-0.16049025352538335,-0.006239242186900748
196,2024-11-11 10:02:58,Venus,0.7230904521711372,-0.06920776710696067,0.04742444182899251
196,2024-11-11 10:02:58,Earth,0.28289171466684615,0.9470244201320234,0.055904361570719374
196,2024-11-11 10:02:58,Mars,-0.49591523805810866,1.475003255310699,-0.001263873685816456
197,2024-11-11 16:41:54,Mercury,0.38863169164606726,-0.1535736908781247,-0.00582310090018885
197,2024-11-11 16:41:54,Venus,0.7235817183718083,-0.06365909799015017,0.0475158906831366
197,2024-11-11 16:41:54,Earth,0.2782927795566332,0.9483494916106489,0.055356501485144684
197,2024-11-11 16:41:54,Mars,-0.4995802073356255,1.474128495451747,-0.0016349638054604127
198,2024-11-11 23:20:50,Mercury,0.3898733288135828,-0.14660933525085346,-0.005405147900022099
198,2024-11-11 23:20:50,Venus,0.7240303288260918,-0.05810667640143268,0.047604541772224895
198,2024-11-11 23:20:50,Earth,0.27368745051240145,0.9496523533741805,0.05480735977553895
198,2024-11-11 23:20:50,Mars,-0.5032421596926353,1.4732448242945604,-0.0020060440919130586
199,2024-11-12 05:59:46,Mercury,0.39099240699880816,-0.13959890904461822,-0.004985496803325093
199,2024-11-12 05:59:46,Venus,0.7244362548833956,-0.05255082948219705,0.04769038973158445
199,2024-11-12 05:59:46,Earth,0.2690758320187664,0.9509329800498009,0.05425694982783883
199,2024-11-12 05:59:46,Mars,-0.5069010749966116,1.4723522530576907,-0.0023771123179740696
